Time_min,D05_micron,D16_micron,D50_micron,D84_micron,D95_micron
1,16.96259397,21.35093027,28.87979992,39.30208141,46.92681222
2,18.42641592,23.4957274,35.96033366,49.01925696,53.08536479
3,25.92674674,29.24122483,36.93501763,49.49678853,51.25580445
4,25.48599724,32.48281657,41.80424645,51.06948593,53.39209842
5,25.16234792,33.90542954,42.31837655,59.93593318,62.71773387
6,26.61310431,35.45304178,48.59550629,62.64653732,65.43054883
7,30.92088308,37.89060501,51.60056444,63.63789727,66.38179921
8,29.88522076,38.95738778,48.97626961,72.18825135,75.87885681
9,30.39207251,37.18956407,47.00430921,53.44837616,56.0415079
10,29.81101443,39.27863124,52.23070269,65.46100618,76.39996171
11,40.38388042,48.31404637,59.03187031,79.18346383,83.75691655
12,32.2815387,41.94056385,59.62020917,71.05327725,80.57270565
13,35.44968256,43.03180104,64.36255466,67.72843639,68.85464935
14,34.88278015,43.8988786,59.29660451,76.0138053,81.98711797
15,32.31729243,41.82985359,57.65658818,67.24041085,72.29097246
16,36.06562525,46.33477062,59.98398403,86.92941427,100.0846316
17,36.91055886,48.12778931,65.4605116,94.36910636,99.56944715
18,36.67849871,45.04838955,60.47898195,82.69716717,98.58476858
19,36.3253412,44.98926621,54.57516842,75.06548947,80.75581077
20,34.74361562,43.55575119,64.20955341,81.9269386,100.3386108
21,37.31335003,45.30685336,62.83635231,88.96869792,106.8684772
22,34.69478297,43.90657355,61.94439216,82.03795537,88.13338252
23,35.10308899,43.63433626,65.09233289,85.91361646,90.14164432
24,39.80039424,48.07806152,63.51182198,71.33087422,77.43744152
25,35.64567834,47.62428575,68.90649935,88.27040496,97.04901711
26,38.64176926,46.95707321,67.20367684,84.54027711,88.44993074
27,34.82328482,43.36802435,59.22514558,68.78825316,83.84761309
28,36.41834334,47.65143253,68.19675074,79.91057435,85.10130712
29,37.52949005,46.61702558,62.13147372,79.60914572,88.54257767
30,38.30736038,47.53660788,65.15473209,80.3505083,92.56944846
31,34.85412053,42.94426855,61.44422186,78.12010509,86.531071
32,37.31098424,46.95921155,64.10547516,78.40832667,84.17947062
33,36.84557902,44.517019,64.93586307,79.32258578,91.47392417
34,36.84231649,48.77070826,63.48950238,88.99628956,98.06898776
35,36.51589962,46.31348772,57.15671556,75.69978997,84.09989421
36,35.29235596,44.98617211,58.95738608,70.48261389,78.19417145
37,38.66766638,47.43055624,63.30450256,84.95826868,94.55210051
38,37.06077605,45.33033007,63.93951508,84.20813477,91.06365311
39,38.18976278,49.55104892,66.8842139,92.84597438,100.8515255
40,36.14223361,44.8275942,59.74476201,73.98713146,84.33222069
41,38.96915593,47.57007342,59.84405129,71.74870995,80.64409186
42,36.41382916,47.15628707,62.82671567,82.25156261,96.94307795
43,40.33637432,48.04810826,65.0741678,85.55094475,99.06257709
44,37.31078441,45.17299583,65.28448306,106.0591866,114.3435475
45,42.72812561,48.89335081,64.27935189,82.13785965,85.8105051
46,42.39484509,51.39621953,71.12837635,97.79400194,100.9478095
47,40.17804751,48.1068751,74.09072422,81.06632959,83.58874834
48,44.35052812,55.3636395,70.7401863,92.22525142,94.90824649
49,43.20223233,53.26174688,64.44976895,82.20242167,83.74308669
50,42.22630002,53.19975252,67.50382202,76.23272053,79.87375508
51,45.33378177,58.47945415,68.81622444,89.6713907,97.02517735
52,39.6396968,45.46331875,59.79015863,77.08391923,90.2260509
53,42.01871438,48.10749269,62.58374501,76.23110426,78.90950348
54,40.64370838,45.51842771,61.63015855,80.7825173,85.47719862
55,39.30164036,49.64069773,64.29498662,74.9485213,78.2101844
56,39.55514006,49.51888082,70.68927833,80.89100171,84.73856244
57,41.99938921,51.47289905,69.15630001,92.22283144,95.17176507
58,46.74083987,51.80103701,60.47366556,74.6024286,76.00046208
59,41.98170995,50.6799648,71.35709074,85.6367605,93.21204302
60,42.36872228,53.10688191,76.15032502,86.81641805,92.86455056
61,39.65659576,48.81498543,63.78930553,78.36558124,86.66594972
62,43.07485786,53.64496087,68.32892523,80.91089954,98.90978974
63,40.45856343,48.91321103,59.2698022,77.41591655,98.4546757
64,41.10000788,51.57860794,70.22214864,79.52295501,82.13226921
65,39.47811936,47.79942511,66.17447679,80.6715211,90.42293609
66,41.90440631,49.57639466,66.16944459,92.13274859,95.6742177
67,39.94999238,48.65217706,62.53696937,81.72157751,89.24619131
68,39.3902672,51.68588729,69.08010124,88.04123174,91.76803443
69,42.40213924,50.51852143,67.28999113,80.94956164,96.35602418
70,42.67197083,50.3258088,65.78280551,84.90104465,114.4488833
71,43.69246228,49.7258557,64.76267768,80.74491431,90.63110618
72,42.37252897,49.6916223,65.455142,78.28165184,89.64597657
73,42.33432114,52.10605036,67.5431238,103.0683796,108.9712734
74,40.35461448,48.30450653,65.74212044,80.88337164,86.06516046
75,44.62106021,50.15769951,68.46640949,80.94039106,92.80994778
76,39.17568626,48.24024515,62.79828023,86.50122307,94.90692262
77,41.30956149,49.29489545,68.99520712,82.68563437,87.71020985
78,39.01027979,48.19045307,62.46957333,78.75728155,88.11448084
79,42.48095472,51.78683727,64.06504822,78.25391922,85.23574394
80,39.71707885,49.3101614,61.01360619,74.27139893,79.77379431
81,39.70416683,51.13731528,65.60750129,79.53053966,86.4214931
82,41.36765182,49.96410422,63.73572112,89.8053353,98.34501964
83,43.26956916,49.65747608,69.57543893,88.17189355,111.6326017
84,41.29696881,49.69327684,67.011532,91.48328011,100.1480348
85,40.42605514,49.65786305,64.00862339,82.24855711,88.68777106
86,39.41285728,47.79067585,63.34287111,80.42891179,95.67695004
87,41.0656348,47.65584205,63.02025139,82.21893262,97.55601292
88,41.78340613,48.0983251,62.32660728,77.85515145,88.94729458
89,39.08744801,48.03270684,65.51714048,85.71949126,95.8490833
90,45.29339033,50.11441925,63.31487757,79.06356832,80.75602247
91,43.77707034,55.53957284,71.44835737,93.97090305,99.80416565
92,46.2281594,54.24325784,73.49110135,116.8197989,120.1192036
93,40.40273935,48.20800504,60.85102656,82.03156598,93.87621184
94,42.02296165,50.94025078,64.19081629,85.7483283,94.79197312
95,44.04197466,49.30464518,63.1028774,78.86740616,82.15397825
96,46.81054765,58.48384232,67.1675502,87.51517152,89.8756688
97,44.52953333,51.2837664,68.9584733,80.95266905,97.90863847
98,47.95067511,53.31488466,64.78163544,125.5565877,128.7237952
99,47.27898805,55.13907011,68.01174393,83.42542432,88.4512674
100,44.79129282,53.32730333,69.14884319,80.64543953,94.28397443
101,42.42120712,51.95102758,76.5909339,101.6282236,106.393032
102,42.59924106,49.24723094,64.65381402,77.53062626,79.85115229
103,42.41546434,49.39049629,64.82922811,81.29768168,86.2963286
104,41.16704378,50.17745161,66.24609709,90.8807688,104.6284125
105,41.75517963,53.55845239,68.15810876,83.90931298,88.24594584
106,41.4811025,49.13655742,63.55586062,79.26872371,85.31363012
107,47.03953328,55.59259472,62.75424681,74.73970332,84.1381576
108,42.66586738,48.65933867,62.0415981,79.45419698,92.60953608
109,42.23490427,48.35286656,63.13481018,75.56532634,78.03765647
110,44.23023491,50.59450491,61.67130425,73.75517643,79.81856706
111,46.88729416,56.33675832,68.88371054,87.10431963,104.9264094
112,40.89356865,49.30967585,64.91598701,80.19641283,96.29421488
113,41.62650278,50.51011271,68.27313511,91.20079947,110.3719006
114,45.51578773,54.54564978,71.82712632,89.70531238,98.70515833
115,40.51471024,51.174125,64.68116049,81.50140319,89.74263013
116,42.13494456,49.79618733,63.50344074,90.21931364,106.5011176
117,41.48239705,50.99163023,64.32166522,81.16131382,89.22828547
118,41.40066251,49.71517499,61.80283088,77.04188239,95.34250183
119,44.54622592,51.28636947,64.56712107,76.38817421,85.25649583
120,41.49296784,49.27338141,61.50974483,73.15395409,78.96449483
121,40.02872891,49.64600656,62.69421126,85.08109585,91.01035178
122,47.148386,55.29586412,70.84248639,90.35083204,105.3491054
123,42.35697666,53.1414872,65.10042112,82.43963359,94.46136836
124,41.83420531,48.38734457,63.2094629,90.56884462,95.51051829
125,39.32079506,48.96686742,63.49103951,79.04755725,92.15422668
126,44.42958962,54.89007978,71.44742226,88.57870374,110.7185984
127,41.41153828,49.24118674,65.80952188,101.2568703,106.9836212
128,42.48213781,51.71986461,63.083702,77.52783168,102.5009585
129,42.34222028,51.74603454,66.71526882,80.33802368,93.10229422
130,43.38004614,51.28996934,67.39497611,82.45435615,87.1665809
131,41.84393433,51.95555024,65.33850205,81.28235825,94.37755304
132,41.13434742,49.2727875,63.47540531,80.86622954,89.81140643
133,41.55389757,49.0931474,62.65672341,75.41511891,79.60960222
134,45.30577185,54.83702392,66.75380576,92.58875946,97.62936112
135,44.28635603,56.20488944,69.34384705,84.58738233,89.26125656
136,43.25485366,51.98186512,69.55842194,88.63706159,102.503178
137,45.49671167,55.6019346,70.08284025,81.24664822,98.9447782
138,48.79846585,55.86904091,67.12132657,90.60719091,94.07629806
139,44.90482738,53.66855126,66.81133525,80.26193235,82.5736082
140,46.96138595,52.19934331,65.94620371,74.82249223,85.38551213
141,43.28936586,54.40584977,62.8880815,92.62085978,95.5121129
142,42.52621849,51.00610765,68.72614663,93.4725095,97.35712945
143,47.00611632,57.03313146,65.00959681,78.92122932,82.53828628
144,47.79500183,57.99719311,67.51705887,84.29070469,86.40985287
145,43.39295285,54.29606775,67.53739366,90.72588947,94.10742422
146,42.01165017,49.18124717,61.26252263,79.34993956,85.48899615
147,44.54761283,52.81016334,70.5434654,83.65086375,90.08595023
148,41.13478112,49.69097942,61.24250392,77.13804481,94.66039182
149,43.25372518,49.99586295,60.37943304,83.02429532,89.75479851
150,41.26803983,49.43944906,69.01795419,100.2434311,123.1536472
151,45.0366957,54.99764769,65.17747966,81.86266199,92.76708811
152,44.75599969,53.55709537,66.4097326,83.16146202,89.73544425
153,43.06307727,51.67744058,62.14237713,76.19156627,79.67364977
154,43.28441064,54.60468133,64.83754589,76.62115242,98.05419924
155,41.27345847,49.47826016,62.96385506,82.23765541,89.25338325
156,43.72190031,50.16312431,62.46044235,73.54858284,75.93944598
157,41.41626097,49.07525179,64.73780809,95.01552544,102.8994884
158,46.39622452,53.18981033,70.52648226,85.6057476,90.01221547
159,42.18374205,51.95440482,70.04668625,88.54295887,97.13221079
160,45.31762759,55.54834108,69.94698588,90.40222072,94.50778245
161,42.59533968,51.89704881,64.44722349,79.4592134,107.4964384
162,41.86521608,49.51499616,62.40328821,78.00779287,88.09693237
163,38.79554261,45.48186986,60.35509498,75.52435685,80.49257032
164,43.74969976,52.05963858,66.71588462,82.71720034,96.88795916
165,41.52143875,48.14287529,60.2012912,74.0731467,79.02626051
166,41.49506207,48.93340593,66.58516512,82.42855321,90.13795494
167,41.59954732,53.72402803,76.41759274,92.12326064,99.21499086
168,41.4671246,50.65628988,68.08345813,91.47934613,98.41885651
169,42.9267498,50.8456972,65.60787409,79.27605237,88.91041172
170,39.69880734,48.47763478,63.72902841,84.41633807,102.9383917
171,41.6600637,50.00321586,63.78581022,74.03012194,82.40696705
172,41.6181813,50.11383167,66.27421057,83.75296119,93.33494688
173,43.75288091,51.62309981,64.50398924,76.22081667,86.81473643
174,41.64219273,50.88715062,64.18149001,79.60443459,88.86708639
175,45.85698584,50.67109339,64.67951304,82.83542673,88.35560536
176,41.27980791,50.44184865,69.69326792,83.61329047,89.22070044
177,42.84827748,50.8485223,63.2052539,80.04759882,94.18945721
178,42.01586572,51.29232677,67.33041439,83.35647555,94.25486967
179,40.76635264,49.02703958,65.25427203,74.39601399,77.83233641
180,46.96745332,57.29455028,68.05730318,89.96997599,103.1593536
181,43.81797885,51.58528334,69.01151905,92.77724707,118.9495757
182,45.29294905,55.13800203,66.86168251,81.7345382,88.75584756
183,45.4721751,56.29317975,68.63788349,83.8767531,88.47600599
184,45.99557542,51.6829649,66.12955836,78.94728033,83.15327252
185,44.68808722,52.1875905,67.5554413,86.47595008,89.69488824
186,48.04756454,57.39032133,75.79556385,99.53649516,105.610821
187,46.83991809,55.82681378,70.37337374,86.24152375,93.51950016
188,40.82302667,48.12692547,62.60222363,102.6392356,106.2145215
189,43.79823121,52.69339974,64.18270965,75.55475085,98.72071964
190,48.06594653,54.9180173,68.87325395,80.48525039,96.80266753
191,45.99174698,54.53354294,65.48824116,80.74223181,105.8141753
192,41.86709664,50.88204274,70.71745158,83.50513544,88.9231996
193,43.96496873,53.7948019,68.15262128,81.31820759,84.65255742
194,45.2246453,52.16184003,73.24333777,83.11651245,104.2716193
195,42.43263578,49.84792837,61.80030671,78.36167101,86.83772677
196,42.87721746,49.85633182,64.4111376,90.26183319,110.4924007
197,45.35470123,54.14778657,69.73796412,92.54076611,104.3858332
198,42.65434006,50.59108206,61.07909177,76.57669984,85.99123314
199,46.00526664,54.56852213,70.37206388,87.39008419,91.75767614
200,40.63734564,48.31133417,63.12805929,80.6795945,88.02848452
201,48.70421593,56.1523172,67.04791619,84.28751687,92.80585275
202,42.5965479,50.59518176,64.62807939,81.28354429,86.67029069
203,41.63308754,49.98937888,61.13094906,74.10655825,77.41265131
204,42.88241544,52.15968056,64.4189659,85.27589128,96.22956722
205,45.11442155,53.64888601,65.49029626,81.98863518,109.1958664
206,42.58113348,48.4425512,61.51983738,82.17311446,89.32167701
207,41.3288288,49.65577563,66.12253398,86.09558249,93.86509752
208,42.39678709,51.37614741,66.40677335,81.56063538,88.64924837
209,45.45822955,51.9319414,65.68281268,88.62737086,104.3175725
210,44.17916469,53.69669111,66.91330874,80.45992096,89.19234824
211,41.95471848,51.22944615,63.4926189,79.7969671,84.62752407
212,41.20983757,50.2276083,64.68604962,77.37566497,88.37109308
213,39.76981889,48.69024125,60.92385178,79.36143901,86.17453041
214,44.42888184,50.79076914,66.01605642,87.31851979,97.18271661
215,41.6616878,49.50310113,66.72047145,87.19609761,93.01307852
216,44.56153882,51.4115843,62.04487929,81.80081628,96.1219289
217,40.27174275,48.93366552,62.97476807,79.92508937,104.1704224
218,41.37052244,50.00416471,63.22470572,74.97946923,86.35259264
219,42.05731578,49.53566078,62.75000305,77.22286726,85.10976204
220,41.10102646,49.94250638,68.22813569,89.50455698,98.27259528
221,48.27132492,56.81921676,66.12153186,78.70574297,81.50400906
222,52.46985034,57.62151964,66.97356162,72.08753408,81.58206915
223,40.88448295,53.19868832,64.75909596,84.77202323,89.61474851
224,43.58689359,51.24351077,72.76421558,90.62374794,103.3720834
225,42.96896725,52.40607267,69.7024239,91.87888554,115.4039386
226,45.57438546,59.34028888,72.74474149,88.43297367,101.3620035
227,44.56961713,50.53738525,62.74857371,75.25647336,78.74181641
228,41.97922569,52.95511314,69.21638855,81.78870942,94.29651118
229,45.72464882,53.01493044,67.32012768,74.04277258,96.03277437
230,41.99350411,49.04938737,59.21015067,68.59881595,79.44740662
231,42.5905597,50.53709799,63.26578647,78.85094854,92.95424795
232,44.64162924,51.24632822,68.52296139,96.14533871,105.2209126
233,48.14234799,54.23011769,69.24212967,86.41873303,91.50611363
234,43.04019008,52.32748036,67.63460195,83.75854518,90.95765712
235,46.55257364,52.74267704,67.6493619,78.86691157,81.64596807
236,45.434175,52.55062995,67.01898963,84.28706774,94.47395886
237,44.53158198,51.65928384,68.82546901,81.56409718,97.15505583
238,45.93310904,53.12304544,66.31924401,94.81595772,104.0169935
239,45.94483229,54.29177762,78.6468838,103.2310864,108.7647784
240,45.75532839,52.81255635,66.87804623,83.80961371,91.41802966
241,45.19572627,52.91645592,65.63565662,74.49489292,79.21411062
242,41.87511566,51.95925346,67.21484249,89.63870398,96.1303422
243,45.05112511,55.05440781,67.94122399,90.6643895,105.8719808
244,44.2722653,55.35846402,69.24118176,83.64051838,107.3894334
245,41.69926111,49.9184819,63.91819458,77.31089566,93.90538953
246,44.55108514,53.50734088,72.60242544,92.4792502,101.3084429
247,44.43014061,52.72215083,60.69856759,78.95991738,95.22225657
248,46.23809389,53.80772843,65.10939647,79.4662761,96.42302284
249,42.79712776,49.37103212,66.47012072,88.33277222,111.6026482
250,42.1262075,49.67197032,65.00348229,81.17441082,88.98403095
251,41.3865248,50.09745348,64.16151631,79.82795457,86.87657625
252,42.66399352,52.20725445,63.12984739,84.05139876,97.36827786
253,40.80054823,49.86994175,60.35304841,77.04482801,104.8857749
254,42.93680599,51.59975383,65.81580485,78.28761859,92.16622619
255,42.60532128,51.17392105,68.18248155,89.46359451,108.4015827
256,43.37558379,50.14269061,62.45360226,77.05824011,85.36292426
257,42.76172726,48.7669322,63.17944339,72.81707146,77.8996816
258,40.58500074,52.89190887,64.76672755,91.95529358,113.8886621
259,44.92715881,51.71272369,65.039295,110.9339371,118.0967651
260,41.66852253,48.18799513,66.58976515,83.95510309,93.42042465
261,40.61780451,50.56655288,64.43719133,80.59393701,93.70797292
262,42.52113047,49.62587871,62.67997086,82.48356964,95.46774212
263,42.6122515,51.69728234,66.0788235,82.60865379,95.06158495
264,43.36066056,49.91523907,66.45848299,80.87037775,107.4445646
265,42.69848151,50.29840315,65.30037319,79.14536869,90.0950015
266,46.60464652,55.35427516,73.12685947,94.11781655,97.5951168
267,44.12496245,54.39680997,75.46603986,106.0700544,110.1611714
268,45.4432764,53.22693258,64.89905695,82.97946156,93.82409175
269,48.82842247,53.5666646,66.26548137,76.11394805,79.66547634
270,40.87433833,50.10319339,60.22194104,71.34040912,73.40644209
271,47.50218836,55.25256644,74.13442344,85.13355293,86.74400511
272,45.95422118,53.48034788,68.70606642,85.84826579,106.1483297
273,45.22531567,52.17531413,69.82293594,82.30049071,84.51031268
274,45.52088389,52.20924136,69.23290179,102.4568634,110.7036763
275,44.47887509,50.9401379,60.84888914,76.298542,81.6987287
276,45.23917837,51.35612553,63.95712406,77.56994007,83.64052095
277,42.41435359,51.66618517,63.59365038,78.00711068,90.09742435
278,43.04781789,54.14747396,67.8164634,85.03445087,88.78015297
279,43.75300294,51.25223505,61.89430127,84.78100184,111.3251226
280,42.07223392,53.91199434,72.07430889,90.4047359,108.1042274
281,46.09861225,53.43316852,66.11076264,91.29764898,99.19903396
282,44.39526835,54.5317284,65.50976781,74.05246429,81.76880141
283,41.49233678,49.20707292,63.6415137,76.65153786,102.0999548
284,46.58486006,53.44376566,66.07154076,75.26730245,81.65236119
285,41.87460797,49.49506892,62.02328788,80.83417026,88.58894787
286,46.05382819,54.93943406,68.3079438,85.25658402,92.73612462
287,40.85889278,49.68453106,65.69108805,85.34606633,89.65016942
288,43.6282804,56.21255203,68.14034772,94.34502035,97.59748508
289,44.67833124,53.83098044,69.06684481,86.28280669,90.07915076
290,45.54186962,50.70516025,62.42720995,83.64912375,96.86402922
291,40.61041961,51.10034427,68.28310141,83.47257759,89.9400507
292,42.74406449,51.40804576,67.84407588,79.25173822,89.91845603
293,40.90207507,50.43678053,62.01412584,88.84369499,103.639574
294,43.89549222,50.75308239,66.50904652,80.76550647,85.66436846
295,43.71148202,47.88942951,61.75859351,80.16425241,89.33746773
296,42.15972701,48.74890559,62.55316644,95.31808251,120.5980515
297,40.24426095,49.00816962,65.35392729,80.01475038,83.76874693
298,40.10537108,51.31104955,63.97684513,78.19205877,93.46466539
299,42.60885077,49.18059972,63.43623335,79.37258519,94.68425133
300,41.91929378,50.00361899,63.54794481,81.00447327,87.98021876
301,42.09777588,51.23794581,64.36304949,90.7516105,97.51401658
302,43.21028521,49.74574226,62.16731498,80.29860012,88.58082792
303,42.8321622,50.47858224,62.79123482,77.70770088,83.66151508
304,42.05917676,49.33129893,61.49089395,78.66935671,86.03558254
305,41.75133609,50.11823765,63.98983315,77.16408071,88.88289296
306,41.81411365,49.52687881,63.92556264,87.05263538,98.66391567
307,41.11323277,53.06806933,62.47916696,77.48864085,86.48109465
308,43.13902775,49.52149264,63.84593378,84.14293648,93.81640178
309,50.78361652,56.33283668,74.00222458,90.06364717,91.64237222
310,45.90652852,58.04930575,70.57594614,74.79278767,75.97736008
311,44.9927064,52.92157876,65.55644015,77.51852117,90.2757045
312,43.47216999,51.52557334,63.28267644,80.31072338,82.66540515
313,47.8278447,55.82514802,68.47159336,99.41778701,105.1613095
314,45.43737283,52.44681429,67.2208259,80.46483894,94.44057949
315,45.55028067,53.95465739,75.80521051,94.82474983,102.3578944
316,51.6869093,60.7847815,70.92371516,104.9444756,108.2635519
317,43.94590062,48.6305391,65.18418316,85.12045515,89.85894676
318,44.65637934,51.4710253,62.68196522,76.0070644,79.28949782
319,41.62404574,50.39594394,65.9741893,76.56353623,101.2636373
320,45.27327284,53.46211364,63.71149839,92.03783442,104.2920107
321,44.58334628,53.17775208,65.09644694,85.55464329,92.91982107
322,48.75310252,53.43914316,67.71285296,89.88845046,118.0120558
323,41.71789902,51.03024904,62.07355793,73.26777807,75.38799234
324,42.40505718,49.19766976,66.36654998,92.04280558,98.3520395
325,44.09655538,49.85734815,64.50346413,75.30308339,77.3874163
326,42.22758722,51.82211661,65.058959,76.04687033,93.68217503
327,47.9707395,55.96645152,68.68146261,85.1883177,101.9124923
328,44.07315677,50.51820427,62.27933145,74.72546233,77.47999869
329,45.29668439,54.25991704,70.82035491,89.52016237,93.50125082
330,42.18078273,51.95162221,68.00126566,86.05804239,102.0291093
331,43.43946376,51.61977314,62.85097244,83.11356431,86.63273777
332,42.4630485,50.31947057,61.87925295,80.65724396,89.48202575
333,45.26018014,52.49172582,64.84926944,81.09448248,92.56193593
334,41.82419915,52.86491685,63.48810004,80.71756276,96.67597916
335,43.69854854,50.55418791,64.04544056,75.30772133,83.29204649
336,42.00368744,52.42929188,64.6724417,75.91515101,87.25731475
337,42.86576109,51.97348606,65.41963833,78.41187209,81.21969833
338,45.70098394,53.26186741,68.81698895,89.80795394,107.0017063
339,43.68889949,52.3632982,67.56590918,85.76864538,96.9449567
340,44.16577407,50.64246241,67.37056767,90.38257459,94.09160557
341,43.84036008,52.49058409,64.10127527,80.29353844,98.98372758
342,41.43939926,50.30482479,62.27721231,81.72930053,97.84574977
343,40.3114676,51.50896822,65.27491867,78.33251093,107.5227766
344,42.70924064,52.77725821,64.84935702,82.06836691,92.90430617
345,41.7163242,49.6856782,61.85193148,79.81533052,92.39588097
346,40.74212751,49.27865514,63.09298911,80.20106364,85.47386199
347,39.67240104,48.55435659,61.75806807,78.57109138,94.15998374
348,41.44870157,47.53704937,62.78924073,76.94962314,82.95211329
349,40.1214544,48.35403366,62.35634429,79.41346233,92.2044546
350,42.44588091,50.58127838,62.0090883,73.27773444,82.91904429
351,39.13602288,47.72785179,62.94986602,79.64178943,85.72464033
352,42.483728,50.61973976,64.53552095,79.08753016,89.49222126
353,43.19675736,50.31287633,62.15967692,76.10241903,104.3172951
354,45.81648662,57.03174216,69.02810065,85.02193497,98.61317773
355,43.6548805,51.59659523,64.73549255,90.44353175,93.78700431
356,44.82283348,52.70038924,63.54642472,80.92842434,85.54045543
357,44.12832574,55.98844968,68.27598444,80.4994555,87.93002615
358,45.23498536,54.04285589,69.15169934,86.87906642,89.0609828
359,44.26449864,51.37294741,59.56286598,68.5097804,72.90692419
360,42.62457722,50.27637143,64.93518886,79.44161671,83.11537765
361,43.99492963,50.06886622,58.68564645,70.77978049,79.53763825
362,44.77333354,51.91005572,67.47773673,90.43805317,99.13250856
363,46.33791143,55.99114193,67.6879091,80.53990223,91.77794579
364,42.07280704,49.81572661,67.42053884,88.41246848,101.510127
365,44.14364856,53.26164908,59.57795207,72.48668016,90.25679385
366,44.47250288,53.1237503,67.20818364,94.51166408,117.4749564
367,42.78603884,50.9911191,64.2586019,81.98140008,87.4408849
368,43.3299321,52.71669722,71.06578097,88.5550679,99.24949345
369,44.80247792,52.36182588,63.40145183,77.83129473,86.48157567
370,42.82382639,51.30654345,69.98882427,93.16134915,97.46094525
371,43.53774889,51.3560832,64.39672263,77.78963479,84.31789217
372,43.98919872,51.01597804,65.69819033,85.34105907,91.68276703
373,42.35375896,48.87834887,63.8895951,84.00804629,89.61756344
374,43.88977184,53.14543218,63.82572638,74.44775485,77.488178
375,42.58356086,49.76073494,63.57926703,75.27709749,80.25683497
376,45.74967996,53.77364556,66.78492198,89.3787934,100.669846
377,42.38995157,48.88931989,65.71052865,77.42388985,99.09662936
378,44.19539952,50.51435367,70.74137788,94.45399106,113.8666863
379,42.48785043,50.0268784,62.33742655,72.22823912,80.36179115
380,44.87928487,50.50597983,63.84640948,80.63625886,85.81143361
381,41.34961916,49.39211205,66.13464929,86.47894718,93.90121849
382,42.58964569,49.17755607,63.90288798,84.08191297,93.47014902
383,42.99303808,50.03274281,61.22252469,73.3584348,84.87652249
384,45.11309637,53.01399976,67.59289379,79.781763,85.47859324
385,41.82376974,49.68897136,66.7846462,91.14607886,110.2102769
386,41.39155809,50.65080626,63.66804919,78.2431175,88.75753069
387,42.04340792,51.19374179,60.49705083,72.01443393,78.06000629
388,42.04517391,49.15499949,61.01677319,86.74044199,90.41185096
389,45.0686766,51.0207719,63.76438516,78.2379735,86.53474469
390,41.49113594,50.52714423,67.48424457,84.60925472,92.83426131
391,43.95026343,51.71733322,63.89468237,78.36963112,87.54484924
392,42.28365591,51.16042347,63.89538312,82.42386841,90.66544591
393,43.6945721,52.30669698,64.92768048,78.08497768,118.6399448
394,41.4473236,51.73421144,65.63558577,78.8621409,85.37087381
395,40.452672,52.49394334,64.41196284,77.96667019,86.43133585
396,45.4881329,53.46927632,70.06858736,91.31734799,103.540126
397,48.01945016,52.75657235,65.0648853,76.24444385,78.13067322
398,40.31283514,49.63859471,64.61301549,75.62848664,88.96218051
399,50.74628457,61.73159561,79.63310211,105.5192447,107.3676001
400,45.12454701,54.81109013,69.00642666,88.85760237,91.12653258
401,47.97123184,53.7429457,69.31106858,82.78526544,96.89006688
402,45.13568192,50.29061616,64.22865915,74.84809625,79.25459573
403,44.56719657,49.85559313,63.73859027,78.99052868,83.90998795
404,45.82591024,53.49313709,64.30843011,82.29018366,102.0435141
405,44.71394614,58.18373421,71.30383232,99.3318529,104.4168786
406,44.56645472,56.11068574,71.87313054,86.02102837,90.63685144
407,44.22696023,52.79447729,62.4987428,78.00135511,82.28410451
408,45.71678896,49.48032655,69.23621437,89.34175323,91.94699959
409,42.31562741,51.17100547,66.20160596,80.68015898,92.63534327
410,43.15491447,49.71316891,69.9281347,85.45069508,92.51705882
411,42.74762431,53.78316828,68.36778746,85.30630324,111.4875706
412,44.31500407,50.58157751,66.11328581,69.47139683,70.79358085
413,43.86704394,50.02924673,62.8048371,77.80056162,85.21137978
414,45.22998796,52.0537322,66.79188692,86.92337519,90.67779711
415,40.72647963,48.50664654,59.53322128,70.59840668,82.22879253
416,43.08065726,50.03989249,63.13121608,81.00500166,99.22149634
417,42.80362783,49.598281,60.61423082,70.65383283,76.83523331
418,44.78701715,51.69181789,67.29427276,83.40884874,91.08358184
419,42.62852296,52.78975073,66.78325841,88.66879895,117.9732219
420,42.54791093,50.18536558,64.10156009,84.78903012,88.9260368
421,44.08944865,50.15714961,64.46672209,87.26670312,96.44821238
422,42.96002174,50.55538844,66.13960375,85.66849768,102.1647686
423,41.44724983,48.47128665,64.95554145,79.09638676,92.26865444
424,40.71425521,49.62098148,64.1557011,77.42728233,88.13760465
425,42.60645903,48.64039537,60.99192282,72.90064605,75.81198429
426,42.54828381,49.94004425,60.12883879,76.91800459,89.48155608
427,43.5468075,47.94433193,61.92123838,79.49711616,82.42804278
428,41.51243766,50.19221847,63.39450294,77.92705204,88.4635028
429,44.29931614,52.10580941,72.86756021,88.66320191,101.1536337
430,39.64974603,49.01291237,65.64903675,84.39587195,94.95093901
431,43.71333364,51.04068854,64.98934803,82.87004247,93.43232621
432,43.86138385,50.61963956,67.10547166,84.84298662,98.70941729
433,43.51553273,50.69843493,64.32302533,84.51552195,99.9605571
434,42.248177,49.60928889,60.98746524,73.3225102,78.16914422
435,41.8631274,51.9943672,63.27859192,80.19952457,91.41720959
436,43.23708928,49.15142585,61.97029984,73.79051769,86.14227814
437,40.99873757,48.44725622,60.4948802,71.04300518,78.91406657
438,41.23513613,50.52838781,62.57334425,77.15128849,88.23983346
439,42.09671441,50.58754207,63.57041997,77.57747195,84.30186888
440,39.9722245,48.59557889,59.96071066,82.33317574,88.46304226
441,41.70971236,50.55333195,65.96020492,87.06193778,90.5546565
442,45.79348675,55.54145229,101.5711599,140.2989042,143.4224792
443,44.79015025,52.27823463,65.02576745,79.79061,93.57607722
444,46.15097425,50.29867897,68.56744889,72.86098716,74.06392661
445,42.33668171,50.34995248,66.22772776,78.55000791,88.72980504
446,49.24319482,54.51311435,66.64150766,85.90855976,90.07210237
447,48.76124868,53.7418746,62.40239229,72.6554549,77.57283832
448,47.76412349,51.32349679,64.46993838,86.98862103,98.17716686
449,46.04965712,53.0711763,67.5631585,93.99603568,101.0954957
450,46.80936172,54.26544827,66.53733927,95.64696146,99.51834125
451,43.80480803,53.08491449,62.9028806,76.98687586,81.87623752
452,43.42671953,49.91765177,67.77956322,94.19136862,97.59760737
453,43.72374543,54.20025108,67.35989862,85.75269654,92.79254298
454,42.07533872,49.04252402,61.10889962,78.75259806,86.02032384
455,46.95419186,54.46346438,61.38430963,73.39730207,77.75810181
456,40.19372454,48.69809603,61.6463953,77.3247063,94.46747229
457,44.05820025,52.99229152,64.41533194,75.7021792,84.7875757
458,42.28825099,50.75948866,62.22640122,79.2641684,89.15388797
459,44.90050377,49.66062025,66.76757039,90.59548919,107.1796814
460,40.80051401,49.06000436,62.41199634,76.22441774,92.54802712
461,42.38924144,51.23730668,70.36727488,84.38403812,101.5233797
462,40.4882106,49.3180494,63.93519445,80.3288382,93.54345015
463,42.69733478,49.61714659,64.20366595,80.65618759,86.41179002
464,42.52748029,52.64823055,64.39493815,85.53269389,95.30964646
465,45.08919258,50.66788996,61.77442205,87.19194023,89.70952982
466,43.46630333,53.40921746,65.95686424,79.97484389,101.6756672
467,43.97901017,51.54955004,64.2288387,84.68910864,93.02811226
468,46.17290814,51.77564379,64.2820305,78.94437626,88.14260262
469,41.84694525,49.99430654,64.7191601,85.95555752,95.38674381
470,46.59496465,54.87841402,67.40546514,94.96230947,99.23967018
471,43.14407034,50.2105032,64.48664471,83.03105336,103.962418
472,42.96855997,51.42211126,64.69962853,80.59199539,101.173849
473,41.60120133,49.72852352,62.47865411,75.08125294,94.63076978
474,41.35865821,50.6482449,61.51599966,74.83102226,81.21150897
475,43.36630746,52.14991808,68.33683347,85.75558348,95.7757505
476,41.38288478,51.78933915,66.39103499,84.57318478,89.48244209
477,41.08815598,48.97725472,61.14507875,81.43097159,90.00834584
478,42.59020715,52.60848984,69.19956112,83.16537677,89.76423211
479,41.40962462,50.93486865,63.87084706,80.17065254,99.96308256
480,44.92852994,50.70585099,62.37618502,76.69074346,83.59184434
481,41.6479655,48.58110433,66.42797013,83.79144185,92.26107707
482,41.76482249,48.5609096,62.93861467,76.27404128,81.04348245
483,41.85685331,50.74960016,63.91267813,83.04014391,93.46422279
484,43.50209024,50.58931973,65.97192049,82.6395842,92.75128835
485,48.26730003,55.11621151,70.04826658,85.92820001,88.87274923
486,46.17895695,51.84000727,63.90150275,79.41014422,88.32754774
487,46.90578693,52.89196791,62.65639984,72.13315205,85.27429047
488,43.969552,53.68904057,63.78013017,117.7567677,123.6281725
489,42.7620797,52.78825853,68.76709807,90.7545804,92.8094877
490,42.87413308,52.07436723,66.64645452,86.41569461,95.15808321
491,45.08468843,52.77776875,70.63324768,93.76347528,100.4870748
492,46.99681838,55.23974582,65.90043217,83.79383097,93.82836937
493,49.18619162,59.97359184,77.08619515,85.81941992,96.5719131
494,42.13167903,51.18019748,63.81000375,75.75640333,86.54836424
495,46.57035133,53.56281017,64.90926072,76.24561567,90.59957183
496,45.04802635,51.87684917,66.64519051,79.94469862,102.8356962
497,42.59860848,52.46551848,65.32644032,81.68984898,83.77240269
498,38.37933475,46.93189099,64.7453913,76.93887654,84.94726993
499,43.71273135,51.36671747,61.73201222,94.99739406,103.4616319
500,41.25178695,50.88166093,65.13020407,80.80800488,83.83754748
501,42.13291802,52.31041723,66.45830814,87.30779398,96.21714132
502,42.50770301,49.57500729,61.89638906,71.78980783,80.06651902
503,41.83215675,53.95345801,72.49142279,97.71472898,111.4726271
504,47.74504838,52.06188544,65.08301498,85.76389689,105.1202501
505,41.1166012,49.31458941,59.89557834,82.98131962,91.694679
506,44.1583648,53.7312733,63.6735255,77.48055126,91.8229806
507,41.84932999,49.7811386,60.33386363,74.7071835,84.05838488
508,46.2235174,50.3924947,64.10788545,81.30225937,96.77443194
509,41.11699268,49.74371414,63.46512922,74.14174868,88.38742796
510,42.71168644,52.59748152,64.75082575,79.06342729,88.32664695
511,43.7910812,49.82472068,69.52131736,86.38751774,91.08480766
512,43.59927486,49.35298017,63.701881,86.76368761,91.76004339
513,43.32336319,51.31092416,64.08493077,84.70263161,92.34887105
514,42.31822927,49.01291947,59.93110607,74.39548609,79.22287385
515,39.79335736,50.78254271,65.63576847,78.12674799,90.78347403
516,40.18051058,48.95535241,60.99113272,77.46045338,86.36474031
517,44.37127115,54.23985451,68.35382928,82.84523277,94.02190417
518,43.21875576,49.72608398,61.21923668,77.84349157,82.09789369
519,44.12838404,49.03949704,68.49699458,85.24578595,94.7967411
520,40.96265957,48.86320272,60.39150089,81.99498662,89.78561846
521,38.8484026,46.41465894,59.66471501,68.92873733,74.07394503
522,41.49849142,49.16773139,62.64629777,77.81179186,102.9963549
523,42.56525591,51.06049169,63.90887069,74.52448596,89.30403477
524,40.03915394,47.38628337,62.25721587,76.83064897,98.03629703
525,40.97461683,49.64281341,59.38166696,77.36852478,85.68388276
526,41.69845676,51.32043308,67.75471211,93.7103691,101.56455
527,42.73151877,50.24449356,64.60774702,81.17738197,89.65768767
528,44.60561302,51.76757855,63.65091233,80.59728842,96.97918159
529,43.92810866,53.11410675,64.08449186,76.22537157,81.9212585
530,42.66649242,56.71170326,65.3855734,81.89930909,83.20695001
531,45.71763307,56.79689104,67.11972571,80.02179409,97.87624418
532,48.08967932,53.40081752,77.25239809,87.03478948,89.54205246
533,42.46316736,51.58985433,66.17576018,75.74605452,89.09165306
534,45.00330839,52.92994396,66.2070285,81.06003718,83.39441206
535,46.46719043,50.03860617,66.38887284,80.73156276,92.52256278
536,43.18828072,52.05950103,63.90411849,79.28674542,83.13106992
537,42.96684703,52.1630596,63.08724301,74.51754168,80.64100648
538,49.96584779,53.73236998,66.70044977,85.48743547,88.00563468
539,42.69256298,49.84142321,66.13484151,90.50354239,94.83885963
540,48.27542259,53.411015,65.44165066,82.64442453,85.04053585
541,39.75511325,47.6581233,65.20796676,78.76705554,100.2745365
542,44.00188131,50.21330217,69.05941852,85.87703517,100.9813448
543,44.17667184,52.05756475,70.63515387,93.20963254,96.41327872
544,41.83204483,49.20527059,62.1715521,78.97868563,91.67384722
545,43.35194503,52.3309278,66.3201842,80.72033111,87.48089135
546,40.16276093,49.06128504,64.3386781,73.63278518,79.38547511
547,40.98664659,49.77181726,62.96113231,76.66470971,82.54543593
548,46.0183301,51.20747698,67.64446613,92.14419564,100.1528419
549,43.63342227,51.9457008,63.03977339,80.36632324,98.80327512
550,46.32575489,53.91886761,66.00892721,80.67216794,86.49776074
551,40.56415924,50.26358283,60.956923,72.36192455,77.42144194
552,40.77816458,50.61128644,63.21046357,82.87482487,91.3090751
553,44.38322689,50.6200599,62.30809593,79.28414404,91.9423007
554,42.47713113,50.82233987,63.2785918,84.67355367,119.2952041
555,45.24129181,49.95521546,61.40324561,72.80862872,75.5561521
556,39.95408922,51.15754826,63.55829508,82.69449811,107.8479305
557,42.22081566,49.95653033,62.74464586,75.54035264,80.69325144
558,41.98865029,50.93855571,61.60725787,79.21839494,87.18812974
559,41.26341558,50.23508088,61.46219257,73.1911556,102.3228628
560,41.18640652,50.02835043,64.12732215,84.11618555,109.3476052
561,42.32592632,50.50928557,65.09581888,87.44045377,94.64287514
562,42.53246824,50.24570894,61.20249612,78.48019854,82.55827064
563,43.6363891,50.74087368,63.32235403,90.89995967,95.35877821
564,42.69984913,50.82031251,65.48609269,81.17226059,85.85814722
565,40.18006976,49.32820232,61.95166655,78.66488555,84.85730208
566,42.91314174,48.36124566,62.36047851,69.98130248,73.69330509
567,40.26965744,48.08110069,61.09659427,75.81308616,81.84001499
568,43.28877098,50.59366434,63.89186201,86.01315262,91.79635777
569,41.56237604,49.39582818,60.70816751,78.08362306,104.392215
570,41.88580177,48.85667568,63.92802253,87.25563202,93.09105684
571,40.72498401,49.64039856,66.0702859,80.50805148,88.62042693
572,47.5720834,53.23682601,72.65803343,106.5795443,110.2064557
573,39.41947074,48.94112318,60.51141157,73.05205743,84.8106064
574,47.53807797,58.88539159,70.08630328,103.0110191,105.7152949
575,43.40012154,50.17734842,60.70710503,71.92561585,74.78285704
576,44.01029684,50.0172363,64.42038584,71.91255018,85.97560013
577,48.63890534,54.70433315,67.77472395,86.41010234,88.10986728
578,43.21835707,52.34191441,66.62098173,75.53399665,79.81679881
579,45.3198499,55.83868425,68.44556052,85.7865708,107.1601278
580,43.55016144,52.85307463,68.16571249,79.52653218,91.39663922
581,43.5429149,50.59266215,68.39088975,94.03066985,101.1448038
582,43.97125555,52.91436889,64.80544549,76.43135314,87.08871054
583,46.9721982,52.69419527,66.60637393,74.4016237,87.46664695
584,43.39821054,51.25747752,67.03836668,86.46217897,104.2132099
585,44.76656922,54.95060896,69.52786209,106.1055558,109.9205432
586,45.31194663,50.90501509,66.1109703,78.90873172,100.167483
587,47.44066529,58.06052227,69.85041963,83.39499596,92.62168224
588,42.98211,51.49543719,65.97799979,109.0838168,115.3881831
589,46.5407173,52.79396783,67.0210946,90.27845003,111.9014438
590,43.79228025,52.71926389,67.38771982,82.64470838,95.62595672
591,44.19776666,52.37148972,66.00237042,80.01488188,100.8425816
592,45.26901988,52.53407002,63.34842382,74.52677853,84.02854097
593,43.95530305,52.23961984,65.01494665,77.97780519,82.12450198
594,41.05283994,51.79647517,64.45078722,75.74519384,81.09145214
595,42.07636231,50.62162481,63.94712677,84.6003442,109.2436591
596,42.5628437,49.65258909,60.48685885,76.41917195,82.04705764
597,41.16847386,48.94271284,63.32469439,72.87886935,79.27158661
598,43.24416507,50.95617599,64.09862943,78.45684055,91.63364909
599,39.62255448,47.67171674,63.56394088,92.25754836,104.7438828
600,45.15381988,51.99629743,64.53858176,79.84719805,84.66295671
601,39.61865726,49.21118646,64.77554275,89.08636561,95.55409045
602,44.80566373,52.99268269,66.83158218,84.68556527,92.97124364
603,37.43886615,48.15289524,61.08767902,74.18762425,83.48870656
604,43.84041948,52.34482619,64.93917702,82.4520889,86.03340333
605,40.4941804,48.63746423,66.95898506,98.32684197,117.5102934
606,44.03294049,51.82352635,65.92985131,80.0475428,90.7457263
607,39.94246804,48.46031045,60.55367684,79.51862641,90.05737287
608,42.7270041,50.61123199,62.8865924,81.01933689,85.9762076
609,39.52178277,46.87184218,58.84520229,79.94328697,92.97787173
610,40.44145664,48.89144698,60.86128474,75.83707863,92.04617647
611,42.85047811,50.093099,63.52952987,74.11134595,81.87639795
612,41.56541,48.88941895,62.83222431,75.60448369,91.22374703
613,43.59007131,51.34285072,63.8085806,96.26974769,114.5966692
614,42.63948661,52.33425823,66.79324943,83.10764646,88.68997763
615,43.97551195,49.87258264,64.67583784,80.64234402,89.13895653
616,41.33188516,49.48812395,60.69705766,73.98665586,95.63138658
617,42.14471836,51.17463699,65.51067591,69.25045686,70.39342144
618,45.47049063,51.27138955,66.13697631,78.18988292,79.75821665
619,52.1346675,55.11540246,70.67665457,84.696956,88.04580245
620,42.04741099,47.61901014,64.01478099,80.65477289,90.09213582
621,45.26870352,53.5976815,65.76442473,75.94390576,88.64865841
622,44.48362953,51.70021903,64.71720028,77.01196112,85.15641459
623,46.28802767,54.31502027,64.6568595,76.19491357,90.66863497
624,44.48987692,53.76198221,64.15328205,82.3674032,87.08977065
625,45.98038179,55.13110202,69.85401126,97.70573831,100.9124287
626,42.4863709,48.88414733,62.07942243,74.89497289,77.9450523
627,43.96186317,50.65241013,61.24602661,77.76949731,84.72932905
628,44.24973533,49.01578456,62.68585078,72.61738208,97.12478523
629,44.88205225,52.41764321,64.9755523,77.64895752,94.8629087
630,44.16089379,53.39078855,64.05928666,74.30056065,85.25938
631,42.81128315,51.81144015,63.02826784,75.11480478,85.2425551
632,47.0833562,53.49618214,63.47578552,88.05764706,91.63018241
633,41.90693714,50.41272444,64.92495788,84.26693561,96.57155338
634,41.60620192,49.24123095,61.60588801,73.84889467,88.59176196
635,42.78538627,50.97990847,65.26789076,78.97804308,84.94683674
636,46.47597317,52.62007533,64.5390329,82.01485005,112.5316655
637,41.59110494,49.48941026,62.6075199,73.62351733,88.32290813
638,44.0911321,49.94096708,58.92458127,79.2550566,83.02595222
639,41.85974219,50.88028616,63.12823974,81.76967808,101.5925341
640,43.70203712,50.37556285,62.22761191,79.36268972,87.39451826
641,41.56225561,47.1762219,61.0772796,75.34783558,82.82228765
642,42.236829,50.41508211,64.17913021,83.72561598,92.81273328
643,39.93366341,46.7850756,61.40888279,73.62643025,81.2539186
644,43.87033174,51.65485837,60.9068122,70.89291355,88.00796508
645,42.31474102,49.64098746,60.46976718,72.42289241,81.95156939
646,42.77413742,50.72907167,65.73302573,79.52834984,82.48023594
647,44.01833238,51.20648703,63.88381094,79.98029336,84.42400919
648,41.70185143,50.28907532,67.69389035,85.64047334,98.13832235
649,41.81285909,51.1353543,63.39086557,79.55423786,97.63839797
650,42.13144956,50.33167118,67.34217942,85.25622815,98.16757364
651,42.33258142,49.90618956,61.65634212,73.23870355,89.27170751
652,41.50923898,50.23831732,63.84352211,85.68806053,114.122634
653,40.02041252,48.91987499,62.15520895,77.40849449,92.52940224
654,40.86049455,51.62101456,67.68986958,81.31532083,90.30052792
655,41.03639739,48.11635193,63.48425222,79.80799514,101.6133329
656,42.39578338,51.05611138,65.05390848,87.11790958,97.41965258
657,42.56615024,50.79525756,64.24653684,76.79495292,83.73813093
658,42.98221778,51.83528863,63.07715695,75.84515138,100.5691834
659,41.91397118,49.70422325,62.21949594,85.78698574,96.04689342
660,49.422537,55.86549228,68.21686439,78.98500338,81.5002115
661,41.94613663,48.54651169,64.55836053,76.03978594,79.47357069
662,43.14814939,60.62321241,65.53690074,85.23154977,86.92940438
663,41.77502266,48.29929135,59.75393083,67.68136537,74.00735208
664,44.34361739,48.57301019,59.34050424,76.5953364,85.26297371
665,45.23969538,52.13972782,66.89198307,80.17655821,94.40673246
666,46.36456795,52.70535076,63.32684884,96.00804801,99.6077546
667,43.33944689,49.16428593,59.88461003,76.02098788,81.3315236
668,49.05894946,53.50957506,61.5825979,72.61779072,78.47852502
669,41.18601815,49.44874525,63.43755637,79.54495432,85.83138467
670,43.79409869,51.42016238,65.67197332,82.42675399,84.92941286
671,43.82794816,52.48363025,67.30594699,91.269997,103.2718925
672,42.70736962,49.32700385,63.03189577,73.23639502,81.74969204
673,44.20110926,50.1821957,66.01456654,88.55405171,91.75346928
674,42.64160708,50.58354864,63.21427014,87.64701314,104.6016798
675,44.2749289,52.51776921,62.62097665,80.31203406,85.78421931
676,41.41768616,50.36795085,61.70560723,77.34928385,92.86578197
677,42.99123466,49.81611303,63.02093196,78.0849731,84.18834484
678,43.33292136,50.84990671,68.98042666,97.29097702,109.649899
679,42.06879638,51.22029351,64.18288641,76.33258804,84.3952815
680,42.31108169,50.53886615,65.49926098,110.8461471,117.1256107
681,46.49011081,54.33393611,68.60821181,84.72798542,90.49720189
682,42.52699341,51.12621685,61.38562204,71.89734982,80.52799332
683,44.98810802,51.44607591,63.99917203,82.25834316,87.40849319
684,41.87521174,51.81095727,62.07268308,76.84001165,81.87233659
685,43.30972204,51.33846907,65.58452817,95.49082434,106.3119907
686,41.29731724,51.00492737,62.05802049,77.96704683,82.88056049
687,43.48329231,54.4437739,64.11739115,77.76194586,83.07795831
688,44.02617191,50.35139042,62.72547447,78.71718006,85.68340771
689,42.74445063,49.47774942,63.94209718,79.5839722,90.6073314
690,43.12227269,48.02171114,64.99109504,84.21977782,88.8960236
691,41.92352066,49.10864213,61.49892644,74.15041766,80.89074448
692,45.28053035,50.63785705,62.28260383,76.26448331,84.92967692
693,39.47264799,49.10686795,62.25546455,75.68820563,82.01606503
694,44.58084471,50.52353469,63.6039539,83.53032501,87.35315065
695,39.83215148,48.39902026,62.59470927,81.40860568,86.79315579
696,41.36488789,50.77656391,68.21759078,81.2773118,84.47563344
697,41.1198993,49.31923246,63.0671375,86.51968041,94.54428564
698,43.57845702,49.38882789,64.11379198,77.86925232,88.87288783
699,41.12635855,48.94083016,60.16281949,74.57296094,85.58749732
700,43.89043003,52.00057632,64.30203004,81.15640242,91.50270414
701,41.31049479,50.20748209,63.55628293,77.29571059,82.04537931
702,40.88232018,48.3378947,61.18063079,73.01252307,88.9976258
703,41.16078845,50.94843684,64.18896642,84.05506655,110.6883089
704,42.81551081,52.74594703,66.45286206,95.95839433,102.4502313
705,44.75885169,57.43155338,68.32769338,81.21896413,93.94661112
706,43.45920931,52.63102433,65.76849831,71.42109061,72.38016615
707,44.59580469,50.89040136,64.42153552,74.96012355,88.24834931
708,44.23132663,53.71123396,66.14676955,74.62099779,86.86748921
709,43.16778406,52.10668582,63.40210429,85.96307332,88.48315427
710,44.75330505,52.40249403,68.03021459,81.7426842,85.23805973
711,42.20662302,48.19373717,58.3383161,65.94105311,70.61821697
712,41.42804512,53.30379176,67.13604735,82.52663891,87.57508729
713,42.92779072,47.74169905,64.13184102,72.48472849,75.59975954
714,42.49131838,52.81479549,65.155088,76.68127678,80.48597822
715,39.08237668,51.46830369,67.36629669,88.16786436,97.53014675
716,45.08199029,51.5332887,63.43412834,78.77498879,96.73914936
717,45.69838204,52.78896185,61.06659617,77.0256643,80.42249121
718,42.00149668,49.75713458,63.84273067,75.1913404,81.31840983
719,43.88145049,48.92448285,62.90381285,79.0598423,95.60116019
720,43.86441388,50.4137544,65.89072519,77.36068649,82.23492
